iter	Logloss
0	0.6561590782
1	0.6253883636
2	0.5993614282
3	0.5783377177
4	0.5605235239
5	0.5434137017
6	0.5296518333
7	0.5175326493
8	0.5061652524
9	0.4957692519
10	0.4867461413
11	0.4789305761
12	0.4724583461
13	0.4670031574
14	0.4610406961
15	0.4559462896
16	0.4512199375
17	0.4472671796
18	0.443655604
19	0.4404654865
