iter	Logloss
0	0.6595955852
1	0.6284004389
2	0.6035935111
3	0.5808045115
4	0.5628550336
5	0.5460551839
6	0.5317269348
7	0.5199179644
8	0.5084314927
9	0.4991618823
10	0.489889904
11	0.4813573291
12	0.4738571395
13	0.4678753195
14	0.4617368376
15	0.4569536143
16	0.4519451043
17	0.4473164314
18	0.4433922189
19	0.4388222075
